Month,wti_prod
Jan-25,407537
Dec-24,416988
Nov-24,400561
Oct-24,416953
Sep-24,395541
Aug-24,414270
Jul-24,408950
Jun-24,397196
May-24,409235
Apr-24,397459
Mar-24,408294
Feb-24,379960
Jan-24,389161
Dec-23,412547
Nov-23,398433
Oct-23,407615
Sep-23,395300
Aug-23,404469
Jul-23,400994
Jun-23,385967
May-23,394619
Apr-23,380410
Mar-23,397280
Feb-23,352534
Jan-23,390928
Dec-22,377429
Nov-22,374003
Oct-22,385369
Sep-22,373159
Aug-22,375798
Jul-22,371739
Jun-22,357385
May-22,363992
Apr-22,354365
Mar-22,368134
Feb-22,321080
Jan-22,354716
Dec-21,364322
Nov-21,356024
Oct-21,360746
Sep-21,328715
Aug-21,350736
Jul-21,353905
Jun-21,341813
May-21,354103
Apr-21,340585
Mar-21,352545
Feb-21,278271
Jan-21,345713
Dec-20,346553
Nov-20,336286
Oct-20,324544
Sep-20,328025
Aug-20,328128
Jul-20,341244
Jun-20,313381
May-20,301133
Apr-20,357336
Mar-20,396682
Feb-20,372480
Jan-20,398392
Dec-19,402393
Nov-19,389809
Oct-19,396984
Sep-19,377681
Aug-19,387024
Jul-19,368952
Jun-19,366642
May-19,376738
Apr-19,364293
Mar-19,369203
Feb-19,326819
Jan-19,368054
Dec-18,371522
Nov-18,357328
Oct-18,356986
Sep-18,343383
Aug-18,353226
Jul-18,337928
Jun-18,319207
May-18,323388
Apr-18,314838
Mar-18,324478
Feb-18,287865
Jan-18,310059
Dec-17,309612
Nov-17,302592
Oct-17,299707
Sep-17,285423
Aug-17,286690
Jul-17,286663
Jun-17,273338
May-17,284812
Apr-17,273051
Mar-17,284185
Feb-17,255099
Jan-17,275075
Dec-16,273366
Nov-16,267184
Oct-16,273009
Sep-16,256351
Aug-16,269463
Jul-16,268667
Jun-16,260338
May-16,273959
Apr-16,266327
Mar-16,282290
Feb-16,262843
Jan-16,285322
Dec-15,287309
Nov-15,279779
Oct-15,291157
Sep-15,284079
Aug-15,291333
Jul-15,292432
Jun-15,280425
May-15,293362
Apr-15,289449
Mar-15,296825
Feb-15,265886
Jan-15,290631
Dec-14,295914
Nov-14,279200
Oct-14,286760
Sep-14,272111
Aug-14,276513
Jul-14,273952
Jun-14,262026
May-14,267731
Apr-14,255597
Mar-14,257019
Feb-14,228166
Jan-14,250240
Dec-13,245904
Nov-13,237565
Oct-13,240567
Sep-13,235142
Aug-13,233562
Jul-13,233174
Jun-13,218314
May-13,227101
Apr-13,221205
Mar-13,223644
Feb-13,200071
Jan-13,219570
Dec-12,220282
Nov-12,212472
Oct-12,216057
Sep-12,197942
Aug-12,196867
Jul-12,199368
Jun-12,188262
May-12,197456
Apr-12,189601
Mar-12,196138
Feb-12,181783
Jan-12,191472
Dec-11,189487
Nov-11,181157
Oct-11,182977
Sep-11,168411
Aug-11,175618
Jul-11,168635
Jun-11,167673
May-11,174363
Apr-11,166858
Mar-11,174158
Feb-11,151354
Jan-11,170393
Dec-10,173831
Nov-10,167272
Oct-10,174547
Sep-10,168473
Aug-10,168867
Jul-10,164234
Jun-10,161385
May-10,167427
Apr-10,161769
Mar-10,170976
Feb-10,155496
Jan-10,167529
Dec-09,169004
Nov-09,161838
Oct-09,171258
Sep-09,166765
Aug-09,167945
Jul-09,167336
Jun-09,158079
May-09,166684
Apr-09,158344
Mar-09,161776
Feb-09,146698
Jan-09,159467
Dec-08,158183
Nov-08,152343
Oct-08,146868
Sep-08,119208
Aug-08,155092
Jul-08,160481
Jun-08,154133
May-08,159437
Apr-08,155403
Mar-08,160868
Feb-08,149297
Jan-08,158566
Dec-07,158427
Nov-07,151021
Oct-07,155680
Sep-07,147061
Aug-07,154060
Jul-07,156175
Jun-07,152254
May-07,161548
Apr-07,155407
Mar-07,158697
Feb-07,143301
Jan-07,158342
Dec-06,160768
Nov-06,151926
Oct-06,158353
Sep-06,150926
Aug-06,156232
Jul-06,157919
Jun-06,154884
May-06,159667
Apr-06,152450
Mar-06,155842
Feb-06,140894
Jan-06,156480
Dec-05,154630
Nov-05,145708
Oct-05,141200
Sep-05,126417
Aug-05,161153
Jul-05,162854
Jun-05,163263
May-05,173491
Apr-05,166885
Mar-05,173626
Feb-05,154038
Jan-05,168831
Dec-04,170815
Nov-04,162699
Oct-04,160270
Sep-04,152444
Aug-04,165072
Jul-04,170011
Jun-04,162208
May-04,172235
Apr-04,166810
Mar-04,174115
Feb-04,161583
Jan-04,173132
Dec-03,172715
Nov-03,166397
Oct-03,174020
Sep-03,168270
Aug-03,172787
Jul-03,170452
Jun-03,169772
May-03,175568
Apr-03,171774
Mar-03,179907
Feb-03,161920
Jan-03,178412
Dec-02,177372
Nov-02,168706
Oct-02,166105
Sep-02,162336
Aug-02,179670
Jul-02,178275
Jun-02,176532
May-02,183057
Apr-02,175333
Mar-02,182460
Feb-02,164666
Jan-02,182076
Dec-01,182511
Nov-01,176441
Oct-01,178129
Sep-01,171270
Aug-01,177488
Jul-01,178208
Jun-01,172974
May-01,180712
Apr-01,175879
Mar-01,182290
Feb-01,161843
Jan-01,179767
Dec-00,181508
Nov-00,174980
Oct-00,180080
Sep-00,172731
Aug-00,179451
Jul-00,177920
Jun-00,174686
May-00,181242
Apr-00,175625
Mar-00,183464
Feb-00,169703
Jan-00,179316
Dec-99,184716
Nov-99,178811
Oct-99,184361
Sep-99,174113
Aug-99,179187
Jul-99,179738
Jun-99,172808
May-99,182122
Apr-99,176616
Mar-99,182362
Feb-99,167034
Jan-99,184864
Dec-98,187347
Nov-98,184198
Oct-98,190420
Sep-98,173676
Aug-98,192282
Jul-98,192026
Jun-98,188018
May-98,196754
Apr-98,194483
Mar-98,198639
Feb-98,181321
Jan-98,202756
Dec-97,202464
Nov-97,193778
Oct-97,200482
Sep-97,194575
Aug-97,196769
Jul-97,198691
Jun-97,193252
May-97,200702
Apr-97,193239
Mar-97,200013
Feb-97,182400
Jan-97,198466
Dec-96,201685
Nov-96,194268
Oct-96,200907
Sep-96,194456
Aug-96,197162
Jul-96,196471
Jun-96,193746
May-96,198208
Apr-96,193317
Mar-96,203715
Feb-96,190727
Jan-96,201354
Dec-95,202428
Nov-95,197559
Oct-95,199055
Sep-95,192484
Aug-95,199846
Jul-95,199912
Jun-95,197359
May-95,205509
Apr-95,198111
Mar-95,204613
Feb-95,190245
Jan-95,207148
Dec-94,209550
Nov-94,198850
Oct-94,206398
Sep-94,198264
Aug-94,202869
Jul-94,201527
Jun-94,198318
May-94,207334
Apr-94,198363
Mar-94,209114
Feb-94,189569
Jan-94,211320
Dec-93,212585
Nov-93,207349
Oct-93,212003
Sep-93,201347
Aug-93,209492
Jul-93,207339
Jun-93,203842
May-93,212255
Apr-93,206439
Mar-93,216198
Feb-93,194393
Jan-93,215791
Dec-92,220200
Nov-92,210724
Oct-92,220898
Sep-92,210904
Aug-92,214575
Jul-92,221064
Jun-92,215019
May-92,222227
Apr-92,218775
Mar-92,227798
Feb-92,214269
Jan-92,228178
Dec-91,226267
Nov-91,219833
Oct-91,230557
Sep-91,221029
Aug-91,226801
Jul-91,227756
Jun-91,219610
May-91,229670
Apr-91,225256
Mar-91,233926
Feb-91,213836
Jan-91,232498
Dec-90,227463
Nov-90,221598
Oct-90,233799
Sep-90,216715
Aug-90,225886
Jul-90,222371
Jun-90,213175
May-90,227179
Apr-90,222215
Mar-90,230434
Feb-90,209923
Jan-90,233931
Dec-89,227439
Nov-89,226082
Oct-89,231036
Sep-89,226436
Aug-89,233878
Jul-89,230766
Jun-89,228731
May-89,242303
Apr-89,233147
Mar-89,234822
Feb-89,218076
Jan-89,246056
Dec-88,246189
Nov-88,240700
Oct-88,248704
Sep-88,236847
Aug-88,250459
Jul-88,249229
Jun-88,245102
May-88,255089
Apr-88,248629
Mar-88,259587
Feb-88,242848
Jan-88,255743
Dec-87,257844
Nov-87,251915
Oct-87,259272
Sep-87,246163
Aug-87,254508
Jul-87,255782
Jun-87,248356
May-87,258426
Apr-87,254945
Mar-87,262398
Feb-87,234880
Jan-87,262888
Dec-86,258926
Nov-86,252374
Oct-86,260984
Sep-86,249843
Aug-86,259580
Jul-86,268448
Jun-86,258700
May-86,273964
Apr-86,265917
Mar-86,279413
Feb-86,256855
Jan-86,283248
Dec-85,279916
Nov-85,267059
Oct-85,278068
Sep-85,268610
Aug-85,272881
Jul-85,277410
Jun-85,270653
May-85,283093
Apr-85,271299
Mar-85,281943
Feb-85,252695
Jan-85,270926
Dec-84,275797
Nov-84,269357
Oct-84,276075
Sep-84,269798
Aug-84,273091
Jul-84,275432
Jun-84,265570
May-84,277616
Apr-84,265872
Mar-84,268829
Feb-84,257357
Jan-84,274902
Dec-83,260293
Nov-83,263111
Oct-83,271890
Sep-83,263530
Aug-83,269053
Jul-83,267717
Jun-83,260014
May-83,267575
Apr-83,263269
Mar-83,269706
Feb-83,245237
Jan-83,269604
Dec-82,266535
Nov-82,260918
Oct-82,269745
Sep-82,261028
Aug-82,267643
Jul-82,268398
Jun-82,259383
May-82,269186
Apr-82,257738
Mar-82,268687
Feb-82,243661
Jan-82,263793
Dec-81,266147
Nov-81,257579
Oct-81,265450
Sep-81,258120
Aug-81,266069
Jul-81,263498
Jun-81,258859
May-81,263541
Apr-81,256708
Mar-81,267003
Feb-81,240914
Jan-81,264736
Dec-80,266777
Nov-80,254852
Oct-80,264489
Sep-80,258577
Aug-80,260841
Jul-80,264964
Jun-80,256619
May-80,267684
Apr-80,260541
Mar-80,269650
Feb-80,252431
Jan-80,268940
Dec-79,267050
Nov-79,262818
Oct-79,267256
Sep-79,255693
Aug-79,264981
Jul-79,259278
Jun-79,252949
May-79,266631
Apr-79,256593
Mar-79,266635
Feb-79,238710
Jan-79,262716
Dec-78,268508
Nov-78,262233
Oct-78,273420
Sep-78,264010
Aug-78,271502
Jul-78,271442
Jun-78,264974
May-78,273583
Apr-78,264526
Mar-78,270324
Feb-78,234544
Jan-78,259150
Dec-77,263097
Nov-77,257378
Oct-77,265776
Sep-77,254392
Aug-77,257510
Jul-77,251244
Jun-77,243058
May-77,250317
Apr-77,244347
Mar-77,250778
Feb-77,227890
Jan-77,243478
Dec-76,249879
Nov-76,242388
Oct-76,249962
Sep-76,244489
Aug-76,251429
Jul-76,251942
Jun-76,242833
May-76,251860
Apr-76,242310
Mar-76,255198
Feb-76,238705
Jan-76,255185
Dec-75,255860
Nov-75,248336
Oct-75,258057
Sep-75,248389
Aug-75,255712
Jul-75,258408
Jun-75,252624
May-75,259742
Apr-75,253698
Mar-75,263297
Feb-75,240552
Jan-75,262104
Dec-74,264322
Nov-74,257064
Oct-74,266949
Sep-74,253288
Aug-74,269665
Jul-74,272184
Jun-74,263407
May-74,276228
Apr-74,268619
Mar-74,277927
Feb-74,255982
Jan-74,276950
Dec-73,280960
Nov-73,274829
Oct-73,285940
Sep-73,271959
Aug-73,284225
Jul-73,285731
Jun-73,276418
May-73,287134
Apr-73,278757
Mar-73,287430
Feb-73,263066
Jan-73,284454
Dec-72,289385
Nov-72,282780
Oct-72,293930
Sep-72,285240
Aug-72,293973
Jul-72,294376
Jun-72,285660
May-72,298034
Apr-72,285390
Mar-72,293322
Feb-72,270744
Jan-72,282534
Dec-71,282100
Nov-71,274170
Oct-71,284022
Sep-71,274050
Aug-71,291741
Jul-71,293121
Jun-71,288120
May-71,298995
Apr-71,293070
Mar-71,302808
Feb-71,272412
Jan-71,299305
Dec-70,308264
Nov-70,301320
Oct-70,310403
Sep-70,295590
Aug-70,296360
Jul-70,285274
Jun-70,280770
May-70,295213
Apr-70,287730
Mar-70,294748
Feb-70,267960
Jan-70,293818
Dec-69,295368
Nov-69,280380
Oct-69,285603
Sep-69,278850
Aug-69,281077
Jul-69,288145
Jun-69,288935
May-69,290036
Apr-69,277140
Mar-69,280705
Feb-69,249984
Jan-69,275528
Dec-68,276086
Nov-68,269070
Oct-68,276396
Sep-68,267960
Aug-68,283154
Jul-68,283836
Jun-68,274320
May-68,285355
Apr-68,273690
Mar-68,288882
Feb-68,270425
Jan-68,279868
Dec-67,276135
Nov-67,269348
Oct-67,278997
Sep-67,272845
Aug-67,292495
Jul-67,283776
Jun-67,256174
May-67,259923
Apr-67,254252
Mar-67,264854
Feb-67,241366
Jan-67,265577
Dec-66,263843
Nov-66,252825
Oct-66,258008
Sep-66,247632
Aug-66,255812
Jul-66,255121
Jun-66,250391
May-66,258677
Apr-66,248155
Mar-66,257107
Feb-66,230733
Jan-66,249459
Dec-65,253584
Nov-65,239635
Oct-65,244122
Sep-65,222529
Aug-65,240180
Jul-65,237606
Jun-65,232440
May-65,238253
Apr-65,236844
Mar-65,243763
Feb-65,218612
Jan-65,240946
Dec-64,240863
Nov-64,229029
Oct-64,236304
Sep-64,225965
Aug-64,230926
Jul-64,231648
Jun-64,226808
May-64,234742
Apr-64,232185
Mar-64,239068
Feb-64,222947
Jan-64,236337
Dec-63,232843
Nov-63,226321
Oct-63,233610
Sep-63,225207
Aug-63,236830
Jul-63,235144
Jun-63,226853
May-63,234499
Apr-63,228270
Mar-63,234289
Feb-63,212437
Jan-63,226420
Dec-62,228824
Nov-62,223231
Oct-62,228380
Sep-62,219589
Aug-62,224240
Jul-62,224018
Jun-62,217712
May-62,222969
Apr-62,221737
Mar-62,228661
Feb-62,209072
Jan-62,227756
Dec-61,226635
Nov-61,214566
Oct-61,220942
Sep-61,209848
Aug-61,220218
Jul-61,215699
Jun-61,213084
May-61,221553
Apr-61,219846
Mar-61,231596
Feb-61,204274
Jan-61,223497
Dec-60,221653
Nov-60,213992
Oct-60,215687
Sep-60,209119
Aug-60,215145
Jul-60,212645
Jun-60,208161
May-60,212296
Apr-60,211132
Mar-60,220977
Feb-60,209986
Jan-60,224140
Dec-59,222969
Nov-59,209449
Oct-59,214248
Sep-59,205700
Aug-59,209733
Jul-59,210311
Jun-59,212489
May-59,223806
Apr-59,217685
Mar-59,222839
Feb-59,201435
Jan-59,223926
Dec-58,221277
Nov-58,209252
Oct-58,215887
Sep-58,212642
Aug-58,215030
Jul-58,203701
Jun-58,190172
May-58,193205
Apr-58,189014
Mar-58,194580
Feb-58,190947
Jan-58,213280
Dec-57,214641
Nov-57,205249
Oct-57,212055
Sep-57,206777
Aug-57,210150
Jul-57,212781
Jun-57,213302
May-57,230466
Apr-57,226392
Mar-57,238490
Feb-57,214967
Jan-57,231631
Dec-56,228673
Nov-56,214438
Oct-56,215570
Sep-56,211585
Aug-56,223035
Jul-56,219770
Jun-56,213010
May-56,218942
Apr-56,214412
Mar-56,225645
Feb-56,209078
Jan-56,223125
Dec-55,221863
Nov-55,210454
Oct-55,211866
Sep-55,202037
Aug-55,206619
Jul-55,205614
Jun-55,197844
May-55,207067
Apr-55,206668
Mar-55,213453
Feb-55,191342
Jan-55,209601
Dec-54,198134
Nov-54,190372
Oct-54,189724
Sep-54,184325
Aug-54,190388
Jul-54,194098
Jun-54,194974
May-54,200627
Apr-54,198502
Mar-54,201763
Feb-54,178644
Jan-54,193437
Dec-53,193350
Nov-53,188116
Oct-53,193726
Sep-53,196571
Aug-53,204490
Jul-53,204711
Jun-53,197630
May-53,198117
Apr-53,191953
Mar-53,202024
Feb-53,183183
Jan-53,203211
Dec-52,205904
Nov-52,193832
Oct-52,201581
Sep-52,195603
Aug-52,192768
Jul-52,188985
Jun-52,185692
May-52,157748
Apr-52,192936
Mar-52,197121
Feb-52,184818
Jan-52,192848
Dec-51,191971
Nov-51,188499
Oct-51,198163
Sep-51,188016
Aug-51,193537
Jul-51,190626
Jun-51,184064
May-51,191601
Apr-51,183860
Mar-51,187774
Feb-51,166163
Jan-51,183437
Dec-50,177460
Nov-50,176782
Oct-50,183011
Sep-50,176698
Aug-50,176192
Jul-50,170058
Jun-50,161305
May-50,159558
Apr-50,149147
Mar-50,151301
Feb-50,139127
Jan-50,152935
Dec-49,155830
Nov-49,156496
Oct-49,155469
Sep-49,148286
Aug-49,148356
Jul-49,145530
Jun-49,147283
May-49,154250
Apr-49,150343
Mar-49,162399
Feb-49,150682
Jan-49,167016
Dec-48,177386
Nov-48,170777
Oct-48,174972
Sep-48,163244
Aug-48,173015
Jul-48,171369
Jun-48,166448
May-48,170705
Apr-48,164726
Mar-48,167868
Feb-48,155577
Jan-48,164098
Dec-47,165555
Nov-47,158701
Oct-47,165032
Sep-47,157665
Aug-47,160448
Jul-47,159366
Jun-47,153058
May-47,156055
Apr-47,149410
Mar-47,152178
Feb-47,134696
Jan-47,144823
Dec-46,146471
Nov-46,144674
Oct-46,148323
Sep-46,143708
Aug-46,149910
Jul-46,152586
Jun-46,146890
May-46,148334
Apr-46,140196
Mar-46,136835
Feb-46,132129
Jan-46,143368
Dec-45,138627
Nov-45,135511
Oct-45,132800
Sep-45,132690
Aug-45,151198
Jul-45,151803
Jun-45,145783
May-45,151180
Apr-45,144219
Mar-45,148935
Feb-45,133463
Jan-45,147446
Dec-44,145322
Nov-44,142463
Oct-44,146911
Sep-44,142985
Aug-44,145407
Jul-44,141438
Jun-44,137263
May-44,141189
Apr-44,133588
Mar-44,136814
Feb-44,128842
Jan-44,135682
Dec-43,135288
Nov-43,133824
Oct-43,136837
Sep-43,130564
Aug-43,130796
Jul-43,127629
Jun-43,120111
May-43,123957
Apr-43,119100
Mar-43,121648
Feb-43,108487
Jan-43,117372
Dec-42,120519
Nov-42,116101
Oct-42,120311
Sep-42,115801
Aug-42,120429
Jul-42,111782
Jun-42,108595
May-42,110192
Apr-42,105053
Mar-42,114473
Feb-42,113961
Jan-42,128262
Dec-41,128293
Nov-41,123355
Oct-41,126145
Sep-41,119446
Aug-41,121354
Jul-41,118251
Jun-41,115027
May-41,116976
Apr-41,111080
Mar-41,112817
Feb-41,100791
Jan-41,110647
Dec-40,135152
Nov-40,133646
Oct-40,136503
Sep-40,130407
Aug-40,130633
Jul-40,127493
Jun-40,119302
May-40,123854
Apr-40,119000
Mar-40,121560
Feb-40,108399
Jan-40,117227
Dec-39,114810
Nov-39,111887
Oct-39,114198
Sep-39,108168
Aug-39,80865
Jul-39,110937
Jun-39,104607
May-39,110541
Apr-39,105510
Mar-39,106768
Feb-39,93475
Jan-39,102490
Dec-38,102287
Nov-38,98567
Oct-38,101830
Sep-38,98661
Aug-38,106165
Jul-38,102898
Jun-38,94277
May-38,98674
Apr-38,102702
Mar-38,106524
Feb-38,94662
Jan-38,106007
Dec-37,106579
Nov-37,104206
Oct-37,110911
Sep-37,109980
Aug-37,115090
Jul-37,110721
Jun-37,105812
May-37,110911
Apr-37,104979
Mar-37,106724
Feb-37,93173
Jan-37,98567
Dec-36,97652
Nov-36,91018
Oct-36,95795
Sep-36,90972
Aug-36,95090
Jul-36,92075
Jun-36,90185
May-36,93739
Apr-36,90479
Mar-36,90568
Feb-36,82120
Jan-36,88820
Dec-35,88711
Nov-35,86476
Oct-35,88160
Sep-35,84109
Aug-35,84816
Jul-35,85485
Jun-35,82338
May-35,82454
Apr-35,78427
Mar-35,81488
Feb-35,72763
Jan-35,78715
Dec-34,74797
Nov-34,72399
Oct-34,76593
Sep-34,75759
Aug-34,79105
Jul-34,81339
Jun-34,79636
May-34,79966
Apr-34,75645
Mar-34,75426
Feb-34,65383
Jan-34,72017
Dec-33,72157
Nov-33,69966
Oct-33,76077
Sep-33,78321
Aug-33,85485
Jul-33,85321
Jun-33,84386
May-33,86638
Apr-33,65709
Mar-33,75185
Feb-33,61252
Jan-33,65159
Dec-32,58295
Nov-32,63630
Oct-32,65598
Sep-32,65518
Aug-32,66568
Jul-32,66655
Jun-32,65144
May-32,68854
Apr-32,67915
Mar-32,67456
Feb-32,62512
Jan-32,67014
Dec-31,73327
Nov-31,73456
Oct-31,73297
Sep-31,64378
Aug-31,68014
Jul-31,78210
Jun-31,75011
May-31,76822
Apr-31,72860
Mar-31,69429
Feb-31,60540
Jan-31,65737
Dec-30,66972
Nov-30,67957
Oct-30,72893
Sep-30,71216
Aug-30,74831
Jul-30,76922
Jun-30,77060
May-30,80528
Apr-30,77483
Mar-30,78226
Feb-30,74290
Jan-30,79633
Dec-29,80917
Nov-29,78758
Oct-29,88430
Sep-29,87453
Aug-29,92165
Jul-29,91309
Jun-29,83407
May-29,84499
Apr-29,80412
Mar-29,82463
Feb-29,75456
Jan-29,82054
Dec-28,79493
Nov-28,76123
Oct-28,79751
Sep-28,76484
Aug-28,77807
Jul-28,75584
Jun-28,72676
May-28,75277
Apr-28,72393
Mar-28,74528
Feb-28,68565
Jan-28,72793
Dec-27,74951
Nov-27,74493
Oct-27,77534
Sep-27,75909
Aug-27,78788
Jul-27,78780
Jun-27,75303
May-27,76845
Apr-27,73132
Mar-27,75514
Feb-27,68122
Jan-27,71758
Dec-26,72625
Nov-26,69891
Oct-26,69664
Sep-26,65782
Aug-26,67009
Jul-26,65168
Jun-26,61789
May-26,62822
Apr-26,60371
Mar-26,60880
Feb-26,54892
Jan-26,59981
Dec-25,49622
Nov-25,49921
Oct-25,51769
Sep-25,51559
Aug-25,52198
Jul-25,52138
Jun-25,51915
May-25,53367
Apr-25,51914
Mar-25,53597
Feb-25,48571
Jan-25,53802
Dec-24,57433
Nov-24,56782
Oct-24,60469
Sep-24,60376
Aug-24,62398
Jul-24,61932
Jun-24,59583
May-24,61834
Apr-24,59830
Mar-24,60141
Feb-24,55889
Jan-24,57273
Dec-23,59546
Nov-23,65388
Oct-23,67506
Sep-23,65306
Aug-23,66422
Jul-23,65925
Jun-23,62845
May-23,62377
Apr-23,59008
Mar-23,56969
Feb-23,48588
Jan-23,52527
Dec-22,50642
Nov-22,48027
Oct-22,48410
Sep-22,45805
Aug-22,47059
Jul-22,47134
Jun-22,46087
May-22,47002
Apr-22,45167
Mar-22,47188
Feb-22,41314
Jan-22,43696
Dec-21,42173
Nov-21,38108
Oct-21,35832
Sep-21,36763
Aug-21,41109
Jul-21,40461
Jun-21,40548
May-21,42189
Apr-21,40233
Mar-21,41105
Feb-21,35524
Jan-21,38138
Dec-20,38961
Nov-20,38609
Oct-20,39584
Sep-20,37521
Aug-20,38906
Jul-20,37746
Jun-20,36663
May-20,36622
Apr-20,34945
Mar-20,36171
Feb-20,33193
Jan-20,34008
